
INSERT INTO Specie (Id, Nome) VALUES
	(1, 'Cane'),
	(2, 'Gatto'),
	(3, 'Pesce'),
	(4, 'Uccello'),
	(5, 'Coniglio'),
	(6, 'Cavia'),
	(7, 'Hamster'),
	(8, 'Tartaruga'),
	(9, 'Iguana'),
	(10, 'Pappagallo');

INSERT INTO Razze (Id, Id_Specie, Nome, Descrizione) VALUES
	(1, 1, 'Labrador Retriever', 'Cane da caccia e compagnia'),
	(2, 1, 'Bulldog', 'Cane dal carattere affettuoso'),
	(3, 1, 'Beagle', 'Cane da caccia di piccola taglia'),
	(4, 1, 'Poodle', 'Cane dall''aspetto elegante'),
	(5, 1, 'Chihuahua', 'Cane miniatura di piccola taglia'),
	(6, 2, 'Persiano', 'Gatto dal pelo lungo e folto'),
	(7, 2, 'Siamese', 'Gatto con colori distintivi'),
	(8, 2, 'Maine Coon', 'Gatto di grande taglia e pelo lungo'),
	(9, 3, 'Pesce rosso', 'Pesce d''acqua dolce'),
	(10, 3, 'Guppy', 'Pesce colorato e facile da mantenere'),
	(11, 4, 'Canarino', 'Uccello canoro e colorato'),
	(12, 4, 'Periquito', 'Pappagallo di piccola taglia'),
	(13, 5, 'Olandese Nano', 'Coniglio di piccola taglia'),
	(14, 5, 'Rex', 'Coniglio con pelo riccio'),
	(15, 6, 'Abissino', 'Cavia con pelo corto e riccio'),
	(16, 6, 'Peruviana', 'Cavia con pelo lungo'),
	(17, 7, 'Siriano', 'Hamster di grande taglia'),
	(18, 7, 'Cinese', 'Hamster di piccola taglia'),
	(19, 8, 'Russa', 'Tartaruga di terra'),
	(20, 8, 'Acquatica', 'Tartaruga d''acqua'),
	(21, 9, 'Verde', 'Iguana dal colore verde brillante'),
	(22, 10, 'Ara', 'Pappagallo dalle dimensioni grandi');

INSERT INTO Animali (Id, Nome, Descrizione, DataDiNascita, Maschio, Taglia, Colore, Id_Razza) VALUES
	(1, 'Fido', 'Labrador molto giocherellone', '2019-05-10', TRUE, 'media', 'marrone', 1),
	(2, 'Rex', 'Persiano adorabile e coccolone', '2020-01-15', FALSE, 'piccola', 'bianco', 6),
	(3, 'Luna', 'Gatto nero con occhi verdi', '2018-09-20', FALSE, 'piccola', 'nero', 2),
	(4, 'Charlie', 'Coniglio dal pelo riccio e affettuoso', '2021-03-02', TRUE, 'piccola', 'marrone', 5),
	(5, 'Nemo', 'Pesce rosso vivace e facile da mantenere', '2020-07-08', NULL, NULL, 'rosso', 9),
	(6, 'Buddy', 'Canarino dal canto melodioso', '2019-11-30', TRUE, 'piccola', 'giallo', 11),
	(7, 'Lucky', 'Tartaruga russa', '2017-08-12', NULL, 'media', 'verde', 16),
	(8, 'Molly', 'Hamster cinese molto vivace', '2020-04-25', FALSE, 'piccola', 'grigio', 18),
	(9, 'Max', 'Iguana verde brillante', '2018-12-05', TRUE, 'grande', 'verde', 21),
	(10, 'Rio', 'Pappagallo Ara molto colorato', '2019-06-18', TRUE, 'grande', 'giallo, verde, blu e rosso', 22),
	(11, 'Bella', 'Cane bulldog affettuoso', '2020-10-10', FALSE, 'media', 'bianco e marrone', 2),
	(12, 'Toby', 'Cane beagle molto energico', '2019-02-28', TRUE, 'media', 'tricolore', 3),
	(13, 'Simba', 'Gatto siamese con mantello morbido', '2020-04-12', TRUE, 'media', 'marrone', 7),
	(14, 'Rocky', 'Pesce Guppy colorato', '2021-01-03', NULL, NULL, 'blu', 10),
	(15, 'Oliver', 'Coniglio olandese nano', '2020-09-08', TRUE, 'piccola', 'bianco e nero', 13),
	(16, 'Coco', 'Cavia Abissino con pelo corto e riccio', '2019-07-17', FALSE, 'piccola', 'marrone', 15),
	(17, 'Daisy', 'Hamster siriano molto docile', '2020-03-20', FALSE, 'piccola', 'arancione', 17),
	(18, 'Spike', 'Tartaruga acquatica', '2016-06-25', TRUE, 'media', 'marrone', 20),
	(19, 'Sunny', 'Iguana albina', '2018-11-14', TRUE, 'media', 'bianco', 23),
	(20, 'Kiwi', 'Pappagallo dalle dimensioni medie', '2019-04-30', FALSE, 'media', 'verde', 24),
	(21, 'Bailey', 'Cane chihuahua adorabile', '2021-07-05', TRUE, 'piccola', 'bianco', 5),
	(22, 'Milo', 'Cane poodle dall''aspetto elegante', '2020-08-22', TRUE, 'media', 'grigio', 4),
	(23, 'Ziggy', 'Gatto Maine Coon di grande taglia', '2019-10-11', TRUE, 'grande', 'nero', 8),
	(24, 'Lola', 'Coniglio rex con pelo riccio', '2018-04-27', FALSE, 'piccola', 'grigio', 14),
	(25, 'Speedy', 'Cavia peruviana con pelo lungo', '2021-02-14', TRUE, 'piccola', 'bianco e marrone', 16),
	(26, 'Rosie', 'Hamster cinese molto curioso', '2020-06-09', FALSE, 'piccola', 'marrone', 18),
	(27, 'Turbo', 'Tartaruga gigante', '2015-09-30', TRUE, 'grande', 'verde scuro', 19),
	(28, 'Spike', 'Iguana verde e marrone', '2017-12-18', TRUE, 'media', 'verde e marrone', 21),
	(29, 'Ruby', 'Pappagallo rosso', '2019-08-03', FALSE, 'media', 'rosso', 22);

INSERT INTO ImmaginiAnimali (Id, NomeFile, Id_Animale) VALUES
    (1, 'immagine1.jpg', 1),
    (2, 'immagine2.jpg', 1),
    (3, 'immagine3.jpg', 1),
    (4, 'immagine4.jpg', 1),
    (5, 'immagine5.jpg', 2),
    (6, 'immagine6.jpg', 2),
    (7, 'immagine7.jpg', 2),
    (8, 'immagine8.jpg', 3),
    (9, 'immagine9.jpg', 3),
    (10, 'immagine10.jpg', 4);

INSERT INTO Utenti (Id, Nome, Cognome, CodiceFiscale, DataDiNascita) VALUES
	(1, 'Mario', 'Rossi', 'RSSMRA80A01H501B', '1980-01-01'),
	(2, 'Luigi', 'Verdi', 'VRDLGI75A02H512C', '1975-02-15'),
	(3, 'Giovanna', 'Bianchi', 'BNCJVA85A03H523D', '1985-03-30'),
	(4, 'Paola', 'Neri', 'NRAPLA90A04H534E', '1990-04-10'),
	(5, 'Andrea', 'Gialli', 'GLLAND75A05H545F', '1975-05-20'),
	(6, 'Alessia', 'Rosa', 'RSALSS80A06H556G', '1980-06-05'),
	(7, 'Luca', 'Blu', 'BLCLCU85A07H567H', '1985-07-15'),
	(8, 'Chiara', 'Verde', 'VRCHRA90A08H578I', '1990-08-25'),
	(9, 'Marco', 'Viola', 'VLCMRC75A09H589L', '1975-09-03'),
	(10, 'Sara', 'Arancione', 'RNCSSA80A10H590M', '1980-10-12'),
	(11, 'Matteo', 'Giallo', 'GLTMTT85A11H591N', '1985-11-22'),
	(12, 'Anna', 'Marrone', 'MRNNTA90A12H592O', '1990-12-01'),
	(13, 'Davide', 'Grigio', 'GRDDVD75A13H593P', '1975-01-04'),
	(14, 'Elena', 'Nero', 'NREELN80A14H594Q', '1980-02-14'),
	(15, 'Francesca', 'Bianco', 'BNCFRA85A15H595R', '1985-03-24');

INSERT INTO Adozioni (Id_Utente, Id_Animale, Data) VALUES
	(1, 1, '2023-01-05'),
	(2, 2, '2023-01-10'),
	(3, 3, '2023-01-15'),
	(4, 4, '2023-01-20'),
	(5, 5, '2023-01-25'),
	(6, 6, '2023-02-01'),
	(7, 7, '2023-02-06'),
	(8, 8, '2023-02-11'),
	(9, 9, '2023-02-16'),
	(10, 10, '2023-02-21'),
	(11, 11, '2023-02-26'),
	(12, 12, '2023-03-03'),
	(13, 13, '2023-03-08'),
	(14, 14, '2023-03-13'),
	(15, 15, '2023-03-18'),
	(1, 16, '2023-03-23'),
	(2, 17, '2023-03-28'),
	(3, 18, '2023-04-02'),
	(4, 19, '2023-04-07'),
	(5, 20, '2023-04-12'),
	(6, 21, '2023-04-17'),
	(7, 22, '2023-04-22'),
	(8, 23, '2023-04-27'),
	(9, 24, '2023-05-02'),
	(10, 25, '2023-05-07'),
	(11, 26, '2023-05-12'),
	(12, 27, '2023-05-17'),
	(13, 28, '2023-05-22'),
	(14, 29, '2023-05-27'),
	(15, 1, '2023-06-01');

INSERT INTO Donazioni (Id, Id_Utente, Importo, Data) VALUES
	(1, 1, 50.00, '2023-01-05'),
	(2, 2, 75.00, '2023-01-10'),
	(3, 3, 100.00, '2023-01-15'),
	(4, 4, 25.00, '2023-01-20'),
	(5, 5, 150.00, '2023-01-25'),
	(6, 6, 200.00, '2023-02-01'),
	(7, 7, 80.00, '2023-02-06'),
	(8, 8, 120.00, '2023-02-11'),
	(9, 9, 90.00, '2023-02-16'),
	(10, 10, 60.00, '2023-02-21'),
	(11, 11, 45.00, '2023-02-26'),
	(12, 12, 30.00, '2023-03-03'),
	(13, 13, 55.00, '2023-03-08'),
	(14, 14, 110.00, '2023-03-13'),
	(15, 15, 70.00, '2023-03-18'),
	(16, 1, 30.00, '2023-05-22');
	(17, 2, 85.00, '2023-03-23'),
	(18, 3, 95.00, '2023-03-28'),
	(19, 4, 105.00, '2023-04-02'),
	(20, 5, 115.00, '2023-04-07'),
	(21, 6, 65.00, '2023-04-12'),
	(22, 7, 40.00, '2023-04-17'),
	(23, 8, 35.00, '2023-04-22'),
	(24, 9, 125.00, '2023-04-27'),
	(25, 10, 55.00, '2023-05-02'),
	(26, 11, 75.00, '2023-05-07'),
	(27, 12, 90.00, '2023-05-12'),
	(28, 13, 110.00, '2023-05-17');

INSERT INTO Ruoli (Id, Nome) VALUES
	(1, 'Manager'),
	(2, 'Addetto alle adozioni'),
	(3, 'Veterinario'),
	(4, 'Assistente'),
	(5, 'Volontario');

INSERT INTO Personale (Id, DataAssunzione, DataLicenziamento, Esterno, StipendioMensile, Id_Utente, Id_Ruolo) VALUES
	(1, '2022-01-01', NULL, FALSE, 2500.00, 1, 1),
	(2, '2022-01-15', NULL, FALSE, 2000.00, 2, 2),
	(3, '2022-02-01', NULL, FALSE, 1800.00, 3, 3),
	(4, '2022-02-15', NULL, FALSE, 1500.00, 4, 4),
	(5, '2022-03-01', NULL, FALSE, 1600.00, 5, 5),
	(6, '2022-03-15', NULL, FALSE, 2200.00, 6, 1),
	(7, '2022-04-01', NULL, FALSE, 1900.00, 7, 2),
	(8, '2022-04-15', NULL, FALSE, 1700.00, 8, 3),
	(9, '2022-05-01', NULL, FALSE, 1800.00, 9, 4),
	(10, '2022-05-15', NULL, FALSE, 2100.00, 10, 5),
	(11, '2022-06-01', NULL, FALSE, 2400.00, 11, 1),
	(12, '2022-06-15', NULL, FALSE, 2200.00, 12, 2),
	(13, '2022-07-01', NULL, FALSE, 2000.00, 13, 3),
	(14, '2022-07-15', NULL, FALSE, 2300.00, 14, 4),
	(15, '2022-08-01', NULL, FALSE, 2500.00, 15, 5),
	(16, '2022-08-15', NULL, FALSE, 2600.00, 16, 1),
	(17, '2022-09-01', NULL, FALSE, 2300.00, 17, 2),
	(18, '2022-09-15', NULL, FALSE, 2100.00, 18, 3),
	(19, '2022-10-01', NULL, FALSE, 2400.00, 19, 4),
	(20, '2022-10-15', NULL, FALSE, 2200.00, 20, 5),
	(21, '2022-11-01', NULL, FALSE, 2000.00, 21, 1),
	(22, '2022-11-15', NULL, FALSE, 1900.00, 22, 2),
	(23, '2022-12-01', NULL, FALSE, 1800.00, 23, 3),
	(24, '2022-12-15', NULL, FALSE, 1700.00, 24, 4),
	(25, '2023-01-01', NULL, FALSE, 1600.00, 25, 5),
	(26, '2023-01-15', NULL, FALSE, 2200.00, 26, 1),
	(27, '2023-02-01', NULL, FALSE, 2000.00, 27, 2),
	(28, '2023-02-15', NULL, FALSE, 2100.00, 28, 3),
	(29, '2023-03-01', NULL, FALSE, 2300.00, 29, 4);

INSERT INTO OrariDiLavoro (Id, Id_Personale, WeekDay, HourFrom, HourTo) VALUES
	(1, 1, 1, 8, 17),
	(2, 1, 2, 8, 17),
	(3, 1, 3, 8, 17),
	(4, 1, 4, 8, 17),
	(5, 1, 5, 8, 13),
	(6, 2, 1, 8, 13),
	(7, 2, 2, 8, 13),
	(8, 2, 3, 8, 13),
	(9, 2, 4, 8, 13),
	(10, 2, 5, 8, 13),
	(11, 3, 1, 16, 20),
	(12, 3, 2, 16, 20),
	(13, 4, 3, 16, 20),
	(14, 5, 4, 16, 20),
	(15, 5, 5, 16, 20);

INSERT INTO StruttureOspitanti (Id, Nome, Lunghezza, Larghezza, Altezza, Tipo) VALUES
	(1, 'Stanza 1', 400, 300, 300, 'stanza'),
	(2, 'Stanza 2', 600, 900, 300, 'stanza'),
	(3, 'Stanza 3', 700, 500, 300, 'stanza'),
	(4, 'Stanza 4', 500, 800, 300, 'stanza'),
	(5, 'Stanza 5', 400, 400, 450, 'stanza'),
	(6, 'Cortile A', 3400, 1300, 300, 'cortile'),
	(7, 'Cortile B', 1200, 1800, 300, 'cortile'),
	(8, 'Cortile retro', 1400, 1500, 300, 'cortile'),
	(9, 'Gabbia interna', 400, 300, 200, 'gabbia'),
	(10, 'Gabbia grande', 400, 300, 200, 'gabbia'),
	(11, 'Gabbia alta', 400, 300, 200, 'gabbia');
	
INSERT INTO CollocamentoAnimali (DataDiArrivo, DataDiAdozione, Id_Animale, Id_Struttura) VALUES
	(1, '2023-03-01', '2023-03-01', 1, 1),
	(2, '2023-05-01', '2023-05-01', 2, 2),
	(3, '2023-07-01', '2023-07-10', 3, 3),
	(4, '2023-08-01', '2024-01-10', 4, 4),
	(5, '2023-09-01', '2023-10-01', 5, 5),
	(6, '2023-02-01', '2023-03-01', 6, 1),
	(7, '2023-02-01', '2023-04-01', 7, 2),
	(8, '2023-03-01', '2023-08-01', 8, 3),
	(9, '2023-04-01', '2023-10-01', 9, 3),
	(10, '2023-05-01', '2023-07-01', 10, 3),
	(11, '2023-09-01', '2023-12-01', 11, 3),
	(12, '2023-10-01', '2023-12-01', 12, 7),
	(13, '2023-03-01', '2023-12-01', 13, 8),
	(14, '2023-12-01', NULL, 14, 8),
	(15, '2023-04-01', NULL, 15, 8),
	(16, '2023-06-01', NULL, 16, 8),
	(17, '2023-01-01', NULL, 17, 8),
	(18, '2023-02-01', NULL, 18, 8),
	(19, '2023-02-01', NULL, 19, 9),
	(20, '2023-02-01', NULL, 20, 10),
	(21, '2023-03-01', NULL, 21, 11),
	(22, '2023-08-01', NULL, 22, 12),
	(23, '2023-03-01', NULL, 23, 13);	

INSERT INTO Prestazioni (Id, Data, Descrizione, Importo, Note, PrestazioneAnimale, Id_Personale) VALUES
	(1, '2023-03-01', 'Controllo veterinario', 0, '', TRUE, 1),
	(2, '2023-04-01', 'Controllo veterinario', 0, '', TRUE, 1),
	(3, '2023-10-01', 'Controllo veterinario', 0, '', TRUE, 1),
	(4, '2023-02-01', 'Controllo veterinario', 12, '', TRUE, 2),
	(5, '2023-05-01', 'Controllo veterinario', 15, '', TRUE, 2),
	(6, '2023-01-01', 'Controllo veterinario', 20, '', TRUE, 2),
	(7, '2023-06-01', 'Controllo veterinario', 0, '', TRUE, 2),
	(8, '2023-07-01', 'Controllo veterinario', 0, '', TRUE, 3),
	(9, '2023-09-01', 'Controllo veterinario', 0, '', TRUE, 4),
	(10, '2023-08-01', 'Controllo veterinario', 40, '', TRUE, 4),
	(11, '2023-11-01', 'Controllo veterinario', 0, '', TRUE, 5),
	(12, '2023-12-01', 'Intervento', 12, '', TRUE, 6),
	(13, '2023-03-01', 'Intervento', 0, '', TRUE, 7),
	(14, '2023-04-01', 'Intervento', 0, '', TRUE, 8),
	(15, '2023-12-01', 'Montaggio', 200, '', FALSE, 10),
	(16, '2023-03-01', 'Montaggio', 300, '', FALSE, 11),
	(17, '2023-04-01', 'Manutenzione', 0, 'controllo tetto', FALSE, 10);

INSERT INTO AnimaliPrestazione (Id, Id_Prestazione, Id_Animale) VALUES
	(1, 1, 1),
	(2, 2, 2),
	(3, 3, 3),
	(4, 3, 4),
	(5, 4, 1),
	(6, 4, 2),
	(7, 4, 3),
	(8, 4, 4),
	(9, 5, 6),
	(10, 5, 6),
	(11, 6, 16),
	(12, 7, 14),
	(13, 8, 15),
	(14, 9, 12),
	(15, 10, 10),
	(16, 11, 9);

INSERT INTO StrutturePrestazione (Id, Id_Prestazione, Id_Animale) VALUES
	(1, 16, 1),
	(2, 16, 2),
	(3, 16, 3),
	(4, 15, 4),
	(5, 17, 1),
	(6, 15, 2),
	(7, 17, 3);

INSERT INTO Prodotti (Id, Nome, Descrizione, QuantitaDisponibile) VALUES
	(1, 'Cuccia Comfort', 'Una cuccia imbottita e confortevole per cani di piccola e media taglia.', 20),
	(2, 'Cibo per Cani Premium', 'Alimento secco di alta qualità formulato per fornire tutti i nutrienti essenziali per i cani di tutte le taglie.', 50),
	(3, 'Cibo per Gatti Gourmet', 'Cibo umido di alta qualità con ingredienti selezionati per soddisfare il palato dei gatti più esigenti.', 30),
	(4, 'Collare e Guinzaglio', 'Set di collare regolabile e guinzaglio resistente per cani di tutte le taglie.', 40),
	(5, 'Giocattolo Interattivo per Gatti', 'Un giocattolo che stimola l''attività fisica e mentale dei gatti, aiutandoli a rimanere attivi e felici.', 25),
	(6, 'Lettiera per Gatti', 'Lettiera agglomerante per gatti con controllo degli odori, rendendo la gestione della lettiera più facile per i proprietari.', 35),
	(7, 'Ciotola per Acqua e Cibo', 'Set di ciotole in acciaio inossidabile ideali per fornire acqua e cibo ai cani e gatti.', 50),
	(8, 'Spazzola per Cani e Gatti', 'Spazzola morbida per la toelettatura quotidiana dei cani e dei gatti, mantenendo il loro pelo sano e lucente.', 30),
	(9, 'Trasportino Portatile', 'Trasportino leggero e pieghevole per viaggiare in modo sicuro con il proprio animale domestico.', 15),
	(10, 'Cibo per Cani Senza Cereali', 'Alimento secco formulato senza cereali per cani con sensibilità alimentari o esigenze particolari.', 20),
	(11, 'Cibo per Gatti Senza Grano', 'Cibo secco per gatti formulato senza grano per gatti con sensibilità alimentari o esigenze particolari.', 20),
	(12, 'Snack per Cani al Gusto di Pollo', 'Snack gustosi e sani per cani, ideali come ricompensa durante l''addestramento.', 40),
	(13, 'Snack per Gatti al Salmone', 'Snack croccanti al salmone per gatti, ricchi di proteine e nutrienti essenziali.', 35),
	(14, 'Gabbia per Piccoli Animali', 'Gabbia spaziosa e ben ventilata per roditori o coniglietti.', 10),
	(15, 'Guanto per la Toelettatura', 'Guanto con setole morbide per la rimozione del pelo morto durante la toelettatura di cani e gatti.', 25),
	(16, 'Ciotola Antiscivolo per Cani e Gatti', 'Ciotola in silicone antiscivolo per evitare che il cibo o l''acqua si rovescino durante l''uso.', 30),
	(17, 'Giostra per Gatti con Palla Luminosa', 'Giostra rotante con palla luminosa per intrattenere e stimolare l''attività dei gatti.', 20),
	(18, 'Grembiule da Toelettatura', 'Grembiule impermeabile e resistente per proteggere i vestiti durante la toelettatura degli animali.', 15),
	(19, 'Snack per Cani al Gusto di Manzo', 'Snack morbidi e gustosi al gusto di manzo, ideali come premio per i cani.', 30),
	(20, 'Snack per Gatti al Tonno', 'Snack morbidi al tonno per gatti, arricchiti con vitamine e minerali.', 40);


INSERT INTO Fornitori (Id, Nome, Indirizzo, Email, NumeroTelefono) VALUES
	(1, 'Pet Foods Italia', 'Via Roma 123, Milano, Italia', 'info@petfoodsitalia.com', '+39 02 1234567'),
	(2, 'Animali Felici srl', 'Via dei Mille 1, Roma, Italia', 'info@animalifelici.it', '+39 06 9876543'),
	(3, 'Amici a Quattro Zampe', 'Via Verdi 45, Torino, Italia', 'info@amiciquattrozampe.com', '+39 011 5554433'),
	(4, 'Paws and Tails Supplies', '123 Main Street, New York, USA', 'sales@pawsandtailssupplies.com', '+1 212-555-6789'),
	(5, 'Happy Pets Distributors', '25 Oak Avenue, Los Angeles, USA', 'contact@happypetsdist.com', '+1 310-123-4567'),
	(6, 'Pawsome Pets Ltd.', '10 Maple Road, London, UK', 'hello@pawsomepets.co.uk', '+44 20 1234 5678'),
	(7, 'Animal Haven Suppliers', 'Boulevard des Animaux 789, Paris, France', 'contact@animalhaven.fr', '+33 1 2345 6789'),
	(8, 'Furry Friends Foods', 'Rua das Mascotas 456, Lisbon, Portugal', 'info@furryfriends.pt', '+351 21 987 6543'),
	(9, 'Whiskers & Paws Enterprises', '123 Pet Street, Sydney, Australia', 'info@whiskersandpaws.com.au', '+61 2 8765 4321'),
	(10, 'Purrfect Pets Co.', '4 Meow Lane, Tokyo, Japan', 'info@purrfectpets.co.jp', '+81 3 4567 8901');

INSERT INTO Forniture (Id, Importo, Data, Id_Prodotto, Id_Fornitura, Quantita) VALUES
	(1, 50.00, '2024-02-01', 1, 1, 10),
	(2, 30.00, '2024-02-03', 2, 2, 20),
	(3, 20.00, '2024-02-05', 3, 3, 15),
	(4, 15.00, '2024-02-07', 4, 4, 5),
	(5, 25.00, '2024-02-10', 5, 5, 8),
	(6, 40.00, '2024-02-12', 6, 6, 12),
	(7, 35.00, '2024-02-15', 7, 7, 18),
	(8, 55.00, '2024-02-18', 8, 8, 7),
	(9, 60.00, '2024-02-20', 9, 9, 10),
	(10, 45.00, '2024-02-22', 10, 10, 14),
	(11, 70.00, '2024-02-25', 11, 1, 9),
	(12, 35.00, '2024-02-28', 12, 2, 16),
	(13, 40.00, '2024-03-02', 13, 3, 20),
	(14, 25.00, '2024-03-05', 14, 4, 8),
	(15, 20.00, '2024-03-07', 15, 5, 12),
	(16, 50.00, '2024-03-10', 16, 6, 15),
	(17, 65.00, '2024-03-13', 17, 7, 10),
	(18, 30.00, '2024-03-15', 18, 8, 5),
	(19, 40.00, '2024-03-18', 19, 9, 18),
	(20, 55.00, '2024-03-20', 20, 10, 22);

INSERT INTO UtilizzoProdotto (Id, Quantita, Id_Prestazione, Id_Prodotto) VALUES
	(1, 5, 1, 1),
	(2, 3, 2, 2),
	(3, 7, 3, 3),
	(4, 2, 4, 4),
	(5, 4, 5, 5),
	(6, 6, 6, 6),
	(7, 8, 7, 7),
	(8, 3, 8, 8),
	(9, 10, 9, 9),
	(10, 5, 10, 10);
